{"cameraMode":{"drawMode":0,"name":"Shaded","section":"Shading Mode"},"sceneLighting":true,"audioPlay":false,"sceneViewState":{"showFog":true,"showMaterialUpdate":true,"showSkybox":true,"showFlares":true,"showImageEffects":true,"showParticleSystems":true},"in2DMode":false,"pivot":{"x":50.220001220703128,"y":207.19000244140626,"z":0.0},"rotation":{"x":-0.21122170984745027,"y":-0.3309343457221985,"z":0.07626529037952423,"w":-0.916543185710907},"size":2.8578836917877199,"orthographic":false}